INSERT INTO users (id, name, age) VALUES 
(1, "Sam", 25),
(2, "Ian", 33),
(3, "Timmy", 29),
(4, "Hunter", 62),
(5, "Dian", 35),
(6, "Kim", 49),
(7, "Raymond", 32),
(8, "Larry", 48),
(9, "Cindy", 49),
(10, "Barbie", 38),
(11, "Ken", 41),
(12, "Julie", 32),
(13, "Ryan", 23),
(14, "Linda", 43),
(15, "Ben", 22),
(16, "Alex", 23),
(17, "Ray", 28),
(18, "Penny", 18),
(19, "Randy", 52),
(20, "Melissa", 26);

INSERT INTO projects (id, title, category, funding_goal, start_date, end_date) VALUES
(1, "project 1", "film", 5000, "12/1/2020", "12/1/2021"),
(2, "project 2", "film", 2500, "11/1/2020", "11/1/2021"),
(3, "project 3", "environment", 15000, "9/1/2020", "12/1/2022"),
(4, "project 4", "environment", 60000, "7/1/2020", "12/1/2021"),
(5, "project 5", "film", 57000, "8/1/2020", "12/15/2022"),
(6, "project 6", "environment", 2000, "5/1/2020", "12/1/2020"),
(7, "project 7", "art", 30000, "6/1/2020", "11/1/2023"),
(8, "project 8", "business", 5000, "8/1/2020", "8/1/2021"),
(9, "project 9", "business", 10000, "10/1/2020", "10/1/2024"),
(10, "project 10", "art", 9000, "12/1/2020", "12/1/2021");

INSERT INTO pledges (id, amount, user_id, project_id) VALUES
(1, 30, 5, 1),
(2, 165, 4, 8),
(3, 300, 3, 2),
(4, 489, 20, 4),
(5, 166, 19, 5),
(6, 049, 7, 10),
(7, 894, 6, 1),
(8, 126, 1, 10),
(9, 98, 2, 6),
(10, 73, 9, 5),
(11, 452, 10, 4),
(12, 78, 15, 9),
(13, 40, 12, 4),
(14, 78, 11, 4),
(15, 4527, 16, 3),
(16, 453, 5, 2),
(17, 45, 8, 1),
(18, 7523, 3, 1),
(19, 78, 2, 1),
(20, 42, 7, 1),
(21, 785, 1, 1),
(22, 37, 17, 1),
(23, 7873, 19, 1),
(24, 451, 18, 1),
(25, 652, 4, 1),
(26, 357, 6, 1),
(27, 254, 4, 1),
(28, 20, 5, 1),
(29, 85, 1, 1),
(30, 43, 20, 1);


